{
  "cli/__init__.py": 1772596489.1262085,
  "cli/m3u8_refresh_daemon.py": 1773127472.4260812,
  "cli/main.py": 1772596489.1270738,
  "cli/daemon.py": 1772596489.126795,
  "cli/batch_merge.py": 1772596489.1264963,
  "scrapy_project/__init__.py": 1770875376.0199957,
  "scrapy_project/m3u8_spider/__init__.py": 1770369512.7367892,
  "scrapy_project/m3u8_spider/logformatter.py": 1770396010.5456245,
  "scrapy_project/m3u8_spider/middlewares.py": 1770371943.1920776,
  "scrapy_project/m3u8_spider/extensions.py": 1770399941.4999502,
  "scrapy_project/m3u8_spider/settings.py": 1770399941.500261,
  "scrapy_project/m3u8_spider/items.py": 1770371943.1919289,
  "scrapy_project/m3u8_spider/pipelines.py": 1770875376.0204637,
  "scrapy_project/m3u8_spider/spiders/m3u8_downloader.py": 1775482694.7153342,
  "scrapy_project/m3u8_spider/spiders/__init__.py": 1770369512.7379265,
  "m3u8_spider/config.py": 1775478307.527916,
  "m3u8_spider/__init__.py": 1772596489.1276875,
  "m3u8_spider/logger.py": 1772596489.1309617,
  "m3u8_spider/database/__init__.py": 1772596489.1304553,
  "m3u8_spider/database/manager.py": 1775478285.153153,
  "m3u8_spider/core/validator.py": 1772596489.129993,
  "m3u8_spider/core/recovery.py": 1772596489.1295555,
  "m3u8_spider/core/downloader.py": 1775482684.6242745,
  "m3u8_spider/core/__init__.py": 1773127472.4267123,
  "m3u8_spider/core/m3u8_fetcher.py": 1773127472.4268284,
  "m3u8_spider/utils/__init__.py": 1772596489.131173,
  "m3u8_spider/utils/migration.py": 1772596489.1315646,
  "m3u8_spider/utils/merger.py": 1772596489.1313777,
  "m3u8_spider/automation/auto_downloader.py": 1775478298.0782924,
  "m3u8_spider/automation/m3u8_refresher.py": 1773127472.4264038,
  "m3u8_spider/automation/__init__.py": 1772596489.1280105,
  "README.md": 1774927950.6669972,
  "CLAUDE.md": 1775114469.6713946
}